date,open,high,low,close,volume,adj_close
2011-01-03,67.230000000000004,67.629999999999995,67.120000000000005,67.5,131700,63.18
2011-01-04,67.700000000000003,67.849999999999994,67.120000000000005,67.719999999999999,89300,63.390000000000001
2011-01-05,67.709999999999994,67.709999999999994,67.299999999999997,67.420000000000002,53600,63.109999999999999
2011-01-06,67.359999999999999,67.469999999999999,67.019999999999996,67.400000000000006,46900,63.090000000000003
2011-01-07,67.549999999999997,67.760000000000005,67.109999999999999,67.760000000000005,43900,63.43
2011-01-10,67.659999999999997,67.659999999999997,67.0,67.510000000000005,58400,63.189999999999998
2011-01-11,67.780000000000001,67.780000000000001,67.420000000000002,67.560000000000002,34400,63.240000000000002
2011-01-12,67.989999999999995,68.209999999999994,67.780000000000001,67.930000000000007,51800,63.590000000000003
2011-01-13,68.069999999999993,68.069999999999993,67.599999999999994,67.890000000000001,31400,63.549999999999997
2011-01-14,67.950000000000003,68.219999999999999,67.75,68.159999999999997,64700,63.799999999999997
2011-01-18,68.209999999999994,68.420000000000002,68.120000000000005,68.420000000000002,68500,64.040000000000006
2011-01-19,68.469999999999999,68.560000000000002,68.099999999999994,68.209999999999994,29400,63.850000000000001
2011-01-20,68.359999999999999,68.719999999999999,68.159999999999997,68.530000000000001,49700,64.150000000000006
2011-01-21,68.939999999999998,68.939999999999998,68.340000000000003,68.469999999999999,59000,64.090000000000003
2011-01-24,68.590000000000003,69.069999999999993,68.519999999999996,68.890000000000001,41000,64.480000000000004
2011-01-25,68.920000000000002,68.939999999999998,68.560000000000002,68.799999999999997,46600,64.400000000000006
2011-01-26,68.959999999999994,68.959999999999994,68.469999999999999,68.670000000000002,42200,64.280000000000001
2011-01-27,68.810000000000002,69.040000000000006,68.549999999999997,68.890000000000001,23800,64.480000000000004
2011-01-28,68.579999999999998,69.030000000000001,67.920000000000002,67.939999999999998,50700,63.590000000000003
2011-01-31,67.849999999999994,68.260000000000005,67.849999999999994,68.049999999999997,43300,63.700000000000003
2011-02-01,68.400000000000006,68.879999999999995,68.209999999999994,68.840000000000003,32600,64.439999999999998
2011-02-02,68.599999999999994,68.780000000000001,68.480000000000004,68.519999999999996,36300,64.140000000000001
2011-02-03,68.480000000000004,68.810000000000002,68.25,68.769999999999996,57100,64.370000000000005
2011-02-04,68.819999999999993,68.819999999999993,68.060000000000002,68.370000000000005,29800,64.0
2011-02-07,68.299999999999997,68.810000000000002,68.299999999999997,68.780000000000001,35300,64.379999999999995
2011-02-08,68.989999999999995,68.989999999999995,68.599999999999994,68.780000000000001,69400,64.379999999999995
2011-02-09,68.700000000000003,68.799999999999997,68.420000000000002,68.760000000000005,51500,64.359999999999999
2011-02-10,68.510000000000005,68.890000000000001,68.269999999999996,68.829999999999998,35100,64.430000000000007
2011-02-11,68.969999999999999,69.060000000000002,68.700000000000003,68.849999999999994,41300,64.450000000000003
2011-02-14,68.689999999999998,68.700000000000003,68.150000000000006,68.459999999999994,60600,64.079999999999998
2011-02-15,68.299999999999997,68.689999999999998,68.170000000000002,68.629999999999995,58800,64.239999999999995
2011-02-16,68.730000000000004,68.790000000000006,68.209999999999994,68.5,32700,64.120000000000005
2011-02-17,68.290000000000006,68.819999999999993,68.290000000000006,68.799999999999997,43400,64.400000000000006
2011-02-18,68.530000000000001,68.890000000000001,68.530000000000001,68.780000000000001,111300,64.379999999999995
2011-02-22,68.689999999999998,68.819999999999993,68.299999999999997,68.5,43700,64.120000000000005
2011-02-23,68.430000000000007,68.689999999999998,68.189999999999998,68.189999999999998,30900,63.829999999999998
2011-02-24,68.409999999999997,68.409999999999997,67.849999999999994,67.939999999999998,37200,63.590000000000003
2011-02-25,68.150000000000006,68.480000000000004,68.010000000000005,68.459999999999994,15500,64.079999999999998
2011-02-28,68.790000000000006,69.489999999999995,68.599999999999994,69.159999999999997,46800,64.739999999999995
2011-03-01,69.25,69.549999999999997,68.609999999999999,68.609999999999999,68100,64.219999999999999
2011-03-02,68.590000000000003,68.909999999999997,68.5,68.840000000000003,45600,64.439999999999998
2011-03-03,69.370000000000005,69.659999999999997,69.260000000000005,69.540000000000006,35200,65.090000000000003
2011-03-04,69.730000000000004,69.730000000000004,68.620000000000005,69.140000000000001,42800,64.719999999999999
2011-03-07,69.359999999999999,69.849999999999994,69.120000000000005,69.299999999999997,51600,64.870000000000005
2011-03-08,69.370000000000005,70.180000000000007,69.370000000000005,70.030000000000001,54600,65.549999999999997
2011-03-09,70.0,70.769999999999996,69.989999999999995,70.739999999999995,185000,66.219999999999999
2011-03-10,70.409999999999997,70.409999999999997,69.680000000000007,69.689999999999998,46800,65.230000000000004
2011-03-11,69.700000000000003,70.060000000000002,69.480000000000004,69.920000000000002,42100,65.450000000000003
2011-03-14,69.269999999999996,69.310000000000002,68.670000000000002,69.129999999999995,62500,64.709999999999994
2011-03-15,68.280000000000001,68.280000000000001,67.609999999999999,67.930000000000007,79200,63.590000000000003
2011-03-16,67.680000000000007,67.930000000000007,66.5,66.900000000000006,113300,62.619999999999997
2011-03-17,67.640000000000001,67.730000000000004,66.650000000000006,67.079999999999998,55900,62.789999999999999
2011-03-18,67.870000000000005,67.980000000000004,67.140000000000001,67.370000000000005,31300,63.060000000000002
2011-03-21,68.349999999999994,68.510000000000005,67.989999999999995,68.319999999999993,56000,63.950000000000003
2011-03-22,68.599999999999994,68.650000000000006,68.170000000000002,68.379999999999995,33800,64.010000000000005
2011-03-23,68.609999999999999,68.609999999999999,67.920000000000002,68.319999999999993,32600,63.950000000000003
2011-03-24,68.840000000000003,68.840000000000003,68.159999999999997,68.599999999999994,137700,64.209999999999994
2011-03-25,68.430000000000007,68.430000000000007,67.930000000000007,68.049999999999997,39900,64.280000000000001
2011-03-28,68.150000000000006,68.409999999999997,67.739999999999995,67.769999999999996,56800,64.019999999999996
2011-03-29,67.950000000000003,68.420000000000002,67.609999999999999,68.349999999999994,31200,64.560000000000002
2011-03-30,68.689999999999998,69.400000000000006,68.519999999999996,69.209999999999994,120800,65.379999999999995
2011-03-31,69.409999999999997,69.409999999999997,68.890000000000001,69.069999999999993,44300,65.239999999999995
2011-04-01,69.400000000000006,69.700000000000003,69.209999999999994,69.579999999999998,30100,65.730000000000004
2011-04-04,69.719999999999999,69.719999999999999,69.439999999999998,69.590000000000003,33400,65.739999999999995
2011-04-05,69.599999999999994,69.719999999999999,69.379999999999995,69.439999999999998,21400,65.590000000000003
2011-04-06,69.840000000000003,69.930000000000007,69.599999999999994,69.920000000000002,32500,66.049999999999997
2011-04-07,69.989999999999995,69.989999999999995,69.379999999999995,69.579999999999998,30500,65.730000000000004
2011-04-08,69.769999999999996,69.769999999999996,69.129999999999995,69.430000000000007,20600,65.579999999999998
2011-04-11,69.569999999999993,69.569999999999993,68.340000000000003,68.489999999999995,32700,64.700000000000003
2011-04-12,68.349999999999994,68.5,67.890000000000001,68.099999999999994,56800,64.329999999999998
2011-04-13,68.409999999999997,68.670000000000002,68.290000000000006,68.319999999999993,16100,64.540000000000006
2011-04-14,68.090000000000003,68.730000000000004,67.900000000000006,68.659999999999997,29400,64.859999999999999
2011-04-15,68.780000000000001,69.560000000000002,68.780000000000001,69.379999999999995,25200,65.540000000000006
2011-04-18,69.189999999999998,69.189999999999998,68.480000000000004,68.719999999999999,46300,64.909999999999997
2011-04-19,68.730000000000004,68.760000000000005,68.5,68.719999999999999,19600,64.909999999999997
2011-04-20,69.439999999999998,69.689999999999998,69.310000000000002,69.569999999999993,33100,65.719999999999999
2011-04-21,69.810000000000002,69.810000000000002,69.519999999999996,69.709999999999994,44700,65.849999999999994
2011-04-25,69.709999999999994,69.920000000000002,69.590000000000003,69.780000000000001,27200,65.909999999999997
2011-04-26,70.0,70.439999999999998,69.959999999999994,70.409999999999997,43300,66.510000000000005
2011-04-27,70.439999999999998,71.069999999999993,70.439999999999998,70.980000000000004,22100,67.049999999999997
2011-04-28,70.939999999999998,71.609999999999999,70.900000000000006,71.569999999999993,48300,67.609999999999999
2011-04-29,71.629999999999995,71.760000000000005,71.439999999999998,71.75,37000,67.780000000000001
2011-05-02,71.989999999999995,72.040000000000006,71.620000000000005,71.670000000000002,40000,67.700000000000003
2011-05-03,71.700000000000003,72.439999999999998,71.700000000000003,72.030000000000001,54900,68.040000000000006
2011-05-04,72.159999999999997,72.159999999999997,71.329999999999998,71.840000000000003,28000,67.859999999999999
2011-05-05,71.549999999999997,71.689999999999998,71.0,71.269999999999996,31600,67.319999999999993
2011-05-06,71.719999999999999,72.230000000000004,71.379999999999995,71.709999999999994,38800,67.739999999999995
2011-05-09,71.859999999999999,72.040000000000006,71.430000000000007,71.969999999999999,37200,67.980000000000004
2011-05-10,72.010000000000005,73.120000000000005,72.010000000000005,72.950000000000003,44500,68.909999999999997
2011-05-11,72.969999999999999,72.969999999999999,72.209999999999994,72.640000000000001,44000,68.620000000000005
2011-05-12,72.420000000000002,73.319999999999993,72.420000000000002,73.239999999999995,186600,69.180000000000007
2011-05-13,73.5,73.5,72.480000000000004,72.890000000000001,38100,68.849999999999994
2011-05-16,72.969999999999999,73.430000000000007,72.730000000000004,72.840000000000003,61000,68.810000000000002
2011-05-17,72.980000000000004,73.239999999999995,72.689999999999998,73.180000000000007,80800,69.129999999999995
2011-05-18,73.340000000000003,73.340000000000003,72.709999999999994,73.150000000000006,47500,69.099999999999994
2011-05-19,73.439999999999998,73.439999999999998,72.950000000000003,73.319999999999993,49700,69.260000000000005
2011-05-20,73.25,73.590000000000003,72.950000000000003,73.299999999999997,42300,69.239999999999995
2011-05-23,72.969999999999999,73.0,72.290000000000006,72.390000000000001,61100,68.379999999999995
2011-05-24,72.569999999999993,72.569999999999993,72.200000000000003,72.239999999999995,46000,68.239999999999995
2011-05-25,72.310000000000002,72.450000000000003,71.530000000000001,72.209999999999994,48100,68.209999999999994
2011-05-26,72.069999999999993,72.269999999999996,71.640000000000001,72.180000000000007,27300,68.180000000000007
2011-05-27,72.519999999999996,72.620000000000005,72.180000000000007,72.299999999999997,20400,68.299999999999997
2011-05-31,72.959999999999994,72.959999999999994,72.439999999999998,72.859999999999999,35600,68.819999999999993
2011-06-01,72.640000000000001,72.819999999999993,72.060000000000002,72.090000000000003,64700,68.099999999999994
2011-06-02,72.060000000000002,72.060000000000002,71.349999999999994,71.790000000000006,78200,67.810000000000002
2011-06-03,71.290000000000006,71.609999999999999,70.819999999999993,71.269999999999996,46300,67.319999999999993
2011-06-06,71.189999999999998,71.189999999999998,70.790000000000006,70.870000000000005,29200,66.939999999999998
2011-06-07,71.189999999999998,71.540000000000006,70.950000000000003,70.980000000000004,31800,67.049999999999997
2011-06-08,70.969999999999999,71.359999999999999,70.879999999999995,71.159999999999997,42200,67.219999999999999
2011-06-09,71.280000000000001,71.480000000000004,70.930000000000007,71.189999999999998,26500,67.25
2011-06-10,71.049999999999997,71.099999999999994,70.799999999999997,70.819999999999993,42600,66.900000000000006
2011-06-13,70.909999999999997,71.209999999999994,70.650000000000006,71.010000000000005,31800,67.079999999999998
2011-06-14,71.620000000000005,71.620000000000005,70.950000000000003,71.189999999999998,64700,67.25
2011-06-15,70.959999999999994,71.349999999999994,70.290000000000006,70.469999999999999,35900,66.569999999999993
2011-06-16,70.390000000000001,71.189999999999998,70.390000000000001,71.030000000000001,52600,67.099999999999994
2011-06-17,71.5,71.829999999999998,71.409999999999997,71.510000000000005,40600,67.549999999999997
2011-06-20,71.409999999999997,71.900000000000006,71.099999999999994,71.890000000000001,62500,67.909999999999997
2011-06-21,72.150000000000006,72.299999999999997,71.769999999999996,72.019999999999996,80000,68.030000000000001
2011-06-22,71.950000000000003,71.959999999999994,71.469999999999999,71.549999999999997,44800,67.590000000000003
2011-06-23,71.019999999999996,71.049999999999997,70.420000000000002,71.030000000000001,50000,67.099999999999994
2011-06-24,70.629999999999995,71.030000000000001,70.459999999999994,70.469999999999999,41400,67.189999999999998
2011-06-27,70.670000000000002,71.120000000000005,70.650000000000006,71.0,197300,67.700000000000003
2011-06-28,71.260000000000005,71.560000000000002,71.040000000000006,71.430000000000007,57600,68.109999999999999
2011-06-29,71.739999999999995,71.879999999999995,71.379999999999995,71.780000000000001,118300,68.439999999999998
2011-06-30,72.109999999999999,72.109999999999999,71.5,71.980000000000004,37600,68.629999999999995
2011-07-01,72.040000000000006,72.980000000000004,72.019999999999996,72.900000000000006,85900,69.510000000000005
2011-07-05,72.969999999999999,72.969999999999999,72.439999999999998,72.560000000000002,66700,69.189999999999998
2011-07-06,72.489999999999995,72.909999999999997,72.319999999999993,72.75,53000,69.370000000000005
2011-07-07,73.359999999999999,73.359999999999999,72.739999999999995,73.040000000000006,89500,69.650000000000006
2011-07-08,72.799999999999997,72.810000000000002,72.370000000000005,72.790000000000006,101800,69.409999999999997
2011-07-11,72.170000000000002,72.200000000000003,71.75,71.950000000000003,75800,68.609999999999999
2011-07-12,71.819999999999993,72.689999999999998,71.739999999999995,72.280000000000001,72400,68.920000000000002
2011-07-13,72.689999999999998,72.689999999999998,72.019999999999996,72.159999999999997,58000,68.810000000000002
2011-07-14,72.290000000000006,72.400000000000006,71.730000000000004,71.769999999999996,33000,68.430000000000007
2011-07-15,71.819999999999993,72.019999999999996,71.5,71.909999999999997,27100,68.569999999999993
2011-07-18,71.670000000000002,71.670000000000002,70.980000000000004,71.150000000000006,35600,67.840000000000003
2011-07-19,71.450000000000003,71.870000000000005,70.909999999999997,71.730000000000004,26600,68.400000000000006
2011-07-20,71.930000000000007,72.379999999999995,71.730000000000004,72.170000000000002,30100,68.819999999999993
2011-07-21,72.569999999999993,73.299999999999997,72.569999999999993,73.219999999999999,33100,69.819999999999993
2011-07-22,73.310000000000002,73.310000000000002,72.689999999999998,72.829999999999998,30100,69.450000000000003
2011-07-25,72.239999999999995,73.230000000000004,72.239999999999995,72.920000000000002,37900,69.530000000000001
2011-07-26,73.010000000000005,73.010000000000005,72.549999999999997,72.599999999999994,20200,69.230000000000004
2011-07-27,72.379999999999995,72.670000000000002,72.230000000000004,72.280000000000001,32200,68.920000000000002
2011-07-28,72.359999999999999,72.359999999999999,71.810000000000002,71.900000000000006,23100,68.560000000000002
2011-07-29,71.340000000000003,71.799999999999997,70.939999999999998,71.180000000000007,55400,67.870000000000005
2011-08-01,71.700000000000003,71.840000000000003,70.969999999999999,71.390000000000001,53000,68.069999999999993
2011-08-02,70.930000000000007,71.280000000000001,70.230000000000004,70.280000000000001,58100,67.010000000000005
2011-08-03,70.370000000000005,70.370000000000005,69.299999999999997,70.269999999999996,101800,67.0
2011-08-04,69.700000000000003,69.909999999999997,67.870000000000005,67.939999999999998,203900,64.780000000000001
2011-08-05,68.209999999999994,68.650000000000006,66.810000000000002,68.219999999999999,183300,65.049999999999997
2011-08-08,66.310000000000002,67.650000000000006,64.150000000000006,64.400000000000006,448800,61.409999999999997
2011-08-09,65.069999999999993,66.849999999999994,62.939999999999998,66.829999999999998,170300,63.719999999999999
2011-08-10,66.109999999999999,67.140000000000001,65.329999999999998,65.459999999999994,123900,62.420000000000002
2011-08-11,65.730000000000004,68.920000000000002,65.640000000000001,68.239999999999995,117400,65.069999999999993
2011-08-12,69.099999999999994,69.099999999999994,67.540000000000006,67.859999999999999,77300,64.709999999999994
2011-08-15,68.519999999999996,70.25,68.340000000000003,70.230000000000004,78100,66.969999999999999
2011-08-16,69.670000000000002,70.189999999999998,69.269999999999996,70.0,57400,66.75
2011-08-17,70.349999999999994,71.099999999999994,70.340000000000003,70.489999999999995,51200,67.209999999999994
2011-08-18,69.719999999999999,69.719999999999999,68.5,69.459999999999994,103300,66.230000000000004
2011-08-19,68.859999999999999,69.530000000000001,68.650000000000006,68.870000000000005,82600,65.670000000000002
2011-08-22,70.239999999999995,70.239999999999995,68.400000000000006,68.680000000000007,272800,65.489999999999995
2011-08-23,69.140000000000001,70.099999999999994,68.430000000000007,70.079999999999998,71500,66.819999999999993
2011-08-24,70.079999999999998,71.650000000000006,69.629999999999995,71.599999999999994,101500,68.269999999999996
2011-08-25,71.909999999999997,71.909999999999997,70.25,70.519999999999996,40200,67.239999999999995
2011-08-26,70.349999999999994,70.810000000000002,68.890000000000001,70.530000000000001,38400,67.25
2011-08-29,71.469999999999999,72.049999999999997,71.269999999999996,72.040000000000006,83800,68.689999999999998
2011-08-30,71.689999999999998,72.319999999999993,71.599999999999994,71.980000000000004,69800,68.629999999999995
2011-08-31,72.5,72.700000000000003,72.230000000000004,72.459999999999994,136500,69.090000000000003
2011-09-01,72.680000000000007,72.930000000000007,72.040000000000006,72.079999999999998,62000,68.730000000000004
2011-09-02,71.390000000000001,71.689999999999998,71.010000000000005,71.140000000000001,146500,67.829999999999998
2011-09-06,70.0,70.790000000000006,69.230000000000004,70.769999999999996,50000,67.480000000000004
2011-09-07,71.400000000000006,71.640000000000001,70.950000000000003,71.579999999999998,86600,68.25
2011-09-08,71.650000000000006,72.260000000000005,71.25,71.579999999999998,35600,68.25
2011-09-09,71.120000000000005,71.120000000000005,69.609999999999999,70.049999999999997,63600,66.790000000000006
2011-09-12,69.299999999999997,70.510000000000005,69.299999999999997,70.480000000000004,306700,67.200000000000003
2011-09-13,71.019999999999996,71.079999999999998,70.120000000000005,70.980000000000004,53400,67.680000000000007
2011-09-14,71.450000000000003,72.189999999999998,70.569999999999993,71.590000000000003,35100,68.260000000000005
2011-09-15,72.379999999999995,72.640000000000001,71.829999999999998,72.540000000000006,33200,69.170000000000002
2011-09-16,72.849999999999994,73.469999999999999,72.700000000000003,73.200000000000003,46500,69.799999999999997
2011-09-19,72.5,73.010000000000005,72.0,72.840000000000003,51700,69.450000000000003
2011-09-20,73.239999999999995,74.670000000000002,73.010000000000005,73.650000000000006,71300,70.230000000000004
2011-09-21,73.849999999999994,74.010000000000005,72.370000000000005,72.370000000000005,154100,69.010000000000005
2011-09-22,71.420000000000002,71.420000000000002,70.200000000000003,70.980000000000004,101600,67.680000000000007
2011-09-23,70.099999999999994,71.180000000000007,70.010000000000005,70.939999999999998,114500,68.299999999999997
2011-09-26,71.209999999999994,71.599999999999994,70.780000000000001,71.569999999999993,74300,68.909999999999997
2011-09-27,72.680000000000007,72.680000000000007,71.620000000000005,71.920000000000002,69300,69.239999999999995
2011-09-28,72.299999999999997,72.299999999999997,70.930000000000007,71.120000000000005,68000,68.469999999999999
2011-09-29,72.060000000000002,72.25,71.329999999999998,72.129999999999995,83900,69.450000000000003
2011-09-30,71.819999999999993,72.290000000000006,71.409999999999997,71.459999999999994,153100,68.799999999999997
2011-10-03,71.510000000000005,71.890000000000001,69.599999999999994,69.599999999999994,144700,67.010000000000005
2011-10-04,69.310000000000002,69.510000000000005,67.730000000000004,69.450000000000003,124500,66.870000000000005
2011-10-05,69.909999999999997,69.909999999999997,68.599999999999994,69.609999999999999,56300,67.019999999999996
2011-10-06,69.900000000000006,70.799999999999997,69.609999999999999,70.739999999999995,100200,68.109999999999999
2011-10-07,71.219999999999999,71.450000000000003,70.530000000000001,70.890000000000001,85300,68.25
2011-10-10,72.069999999999993,72.370000000000005,71.629999999999995,72.370000000000005,53700,69.680000000000007
2011-10-11,72.370000000000005,72.370000000000005,71.469999999999999,71.739999999999995,146700,69.069999999999993
2011-10-12,72.120000000000005,72.140000000000001,71.590000000000003,71.670000000000002,51300,69.0
2011-10-13,71.340000000000003,71.849999999999994,70.829999999999998,71.810000000000002,42900,69.140000000000001
2011-10-14,72.390000000000001,72.420000000000002,71.890000000000001,72.420000000000002,69600,69.730000000000004
2011-10-17,72.25,72.5,71.980000000000004,72.030000000000001,60300,69.349999999999994
2011-10-18,72.040000000000006,72.969999999999999,71.609999999999999,72.629999999999995,54700,69.930000000000007
2011-10-19,72.439999999999998,73.680000000000007,72.439999999999998,72.769999999999996,74600,70.060000000000002
2011-10-20,72.980000000000004,73.25,72.540000000000006,73.010000000000005,99900,70.290000000000006
2011-10-21,73.530000000000001,74.260000000000005,73.530000000000001,74.260000000000005,155000,71.5
2011-10-24,74.319999999999993,74.319999999999993,73.870000000000005,74.140000000000001,116700,71.379999999999995
2011-10-25,74.140000000000001,74.140000000000001,73.0,73.120000000000005,90700,70.400000000000006
2011-10-26,73.980000000000004,73.980000000000004,73.120000000000005,73.489999999999995,56400,70.760000000000005
2011-10-27,75.049999999999997,75.670000000000002,74.689999999999998,75.25,165300,72.450000000000003
2011-10-28,75.189999999999998,75.189999999999998,74.400000000000006,74.890000000000001,126500,72.099999999999994
2011-10-31,74.420000000000002,75.099999999999994,74.189999999999998,74.299999999999997,93800,71.540000000000006
2011-11-01,73.340000000000003,73.739999999999995,72.579999999999998,72.730000000000004,105700,70.019999999999996
2011-11-02,73.579999999999998,74.549999999999997,73.519999999999996,73.900000000000006,222300,71.150000000000006
2011-11-03,74.549999999999997,75.230000000000004,74.129999999999995,75.090000000000003,86300,72.299999999999997
2011-11-04,74.739999999999995,74.780000000000001,73.799999999999997,74.670000000000002,77000,71.890000000000001
2011-11-07,74.859999999999999,75.0,74.090000000000003,75.0,100500,72.209999999999994
2011-11-08,75.260000000000005,75.519999999999996,74.450000000000003,75.510000000000005,73000,72.700000000000003
2011-11-09,74.599999999999994,74.700000000000003,73.579999999999998,73.709999999999994,123600,70.969999999999999
2011-11-10,74.549999999999997,74.640000000000001,73.780000000000001,74.310000000000002,57100,71.540000000000006
2011-11-11,75.180000000000007,75.370000000000005,74.989999999999995,75.370000000000005,56200,72.569999999999993
2011-11-14,75.450000000000003,75.450000000000003,74.409999999999997,74.510000000000005,129700,71.739999999999995
2011-11-15,74.519999999999996,74.900000000000006,74.189999999999998,74.75,106800,71.969999999999999
2011-11-16,74.420000000000002,74.769999999999996,73.819999999999993,73.939999999999998,97800,71.189999999999998
2011-11-17,73.900000000000006,74.159999999999997,72.980000000000004,73.299999999999997,77400,70.569999999999993
2011-11-18,73.650000000000006,74.129999999999995,73.650000000000006,73.879999999999995,46300,71.129999999999995
2011-11-21,73.530000000000001,73.530000000000001,72.370000000000005,72.930000000000007,107100,70.219999999999999
2011-11-22,72.930000000000007,73.0,71.930000000000007,72.099999999999994,54900,69.420000000000002
2011-11-23,71.590000000000003,71.590000000000003,70.719999999999999,70.959999999999994,110200,68.319999999999993
2011-11-25,70.780000000000001,71.650000000000006,70.780000000000001,71.209999999999994,20300,68.560000000000002
2011-11-28,72.680000000000007,72.760000000000005,71.900000000000006,72.159999999999997,76600,69.469999999999999
2011-11-29,72.340000000000003,73.219999999999999,72.340000000000003,73.010000000000005,71100,70.290000000000006
2011-11-30,74.549999999999997,75.099999999999994,74.329999999999998,75.090000000000003,65400,72.299999999999997
2011-12-01,74.939999999999998,75.409999999999997,74.790000000000006,74.939999999999998,113200,72.150000000000006
2011-12-02,75.159999999999997,75.200000000000003,74.180000000000007,74.219999999999999,89900,71.459999999999994
2011-12-05,75.109999999999999,75.25,74.409999999999997,74.829999999999998,93100,72.049999999999997
2011-12-06,74.909999999999997,75.299999999999997,74.659999999999997,74.959999999999994,101100,72.170000000000002
2011-12-07,74.950000000000003,75.030000000000001,74.280000000000001,74.790000000000006,81400,72.010000000000005
2011-12-08,74.790000000000006,74.790000000000006,73.5,73.620000000000005,86800,70.879999999999995
2011-12-09,73.849999999999994,74.790000000000006,73.849999999999994,74.760000000000005,44100,71.980000000000004
2011-12-12,74.390000000000001,74.420000000000002,73.430000000000007,73.980000000000004,167200,71.230000000000004
2011-12-13,74.469999999999999,75.120000000000005,74.099999999999994,74.280000000000001,82500,71.519999999999996
2011-12-14,74.019999999999996,74.329999999999998,73.680000000000007,73.680000000000007,39700,70.939999999999998
2011-12-15,74.329999999999998,74.859999999999999,74.25,74.769999999999996,39800,71.989999999999995
2011-12-16,75.0,75.230000000000004,74.349999999999994,74.629999999999995,88100,71.849999999999994
2011-12-19,74.920000000000002,75.010000000000005,73.810000000000002,73.930000000000007,106600,71.180000000000007
2011-12-20,74.769999999999996,75.599999999999994,74.700000000000003,75.590000000000003,84400,72.780000000000001
2011-12-21,75.040000000000006,75.930000000000007,74.900000000000006,75.890000000000001,95400,73.739999999999995
2011-12-22,76.069999999999993,76.150000000000006,75.769999999999996,76.040000000000006,138500,73.879999999999995
2011-12-23,76.319999999999993,76.760000000000005,76.25,76.569999999999993,71000,74.400000000000006
2011-12-27,76.739999999999995,77.280000000000001,76.420000000000002,77.230000000000004,107300,75.040000000000006
2011-12-28,77.359999999999999,77.359999999999999,76.700000000000003,76.739999999999995,122800,74.560000000000002
2011-12-29,77.159999999999997,77.439999999999998,77.019999999999996,77.359999999999999,146900,75.170000000000002
2011-12-30,77.489999999999995,77.489999999999995,76.890000000000001,76.890000000000001,87400,74.709999999999994
